-- phpMyAdmin SQL Dump
-- version 4.8.4
-- https://www.phpmyadmin.net/
--
-- Počítač: 127.0.0.1
-- Vytvořeno: Čtv 16. čec 2020, 11:49
-- Verze serveru: 10.1.37-MariaDB
-- Verze PHP: 7.3.0

SET SQL_MODE = "NO_AUTO_VALUE_ON_ZERO";
SET AUTOCOMMIT = 0;
START TRANSACTION;
SET time_zone = "+00:00";


/*!40101 SET @OLD_CHARACTER_SET_CLIENT=@@CHARACTER_SET_CLIENT */;
/*!40101 SET @OLD_CHARACTER_SET_RESULTS=@@CHARACTER_SET_RESULTS */;
/*!40101 SET @OLD_COLLATION_CONNECTION=@@COLLATION_CONNECTION */;
/*!40101 SET NAMES utf8mb4 */;

--
-- Databáze: `forms`
--

-- --------------------------------------------------------

--
-- Struktura tabulky `category`
--

CREATE TABLE `category` (
  `categoryID` int(11) NOT NULL,
  `name` varchar(100) COLLATE utf8_czech_ci NOT NULL,
  `year` int(11) NOT NULL,
  `barva` varchar(10) COLLATE utf8_czech_ci NOT NULL
) ENGINE=InnoDB DEFAULT CHARSET=utf8 COLLATE=utf8_czech_ci;

-- --------------------------------------------------------

--
-- Struktura tabulky `division`
--

CREATE TABLE `division` (
  `divisionID` int(11) NOT NULL,
  `name` varchar(60) CHARACTER SET latin1 NOT NULL
) ENGINE=InnoDB DEFAULT CHARSET=utf8 COLLATE=utf8_czech_ci;

--
-- Vypisuji data pro tabulku `division`
--

INSERT INTO `division` (`divisionID`, `name`) VALUES
(1, 'ES Injector'),
(2, 'ES Turbo'),
(3, 'ES Pump'),
(4, 'S&A Actuators'),
(5, 'S&A NOX'),
(6, 'S&A TES'),
(7, 'MG (Measuring Group)'),
(8, 'CIE');

-- --------------------------------------------------------

--
-- Struktura tabulky `form`
--

CREATE TABLE `form` (
  `formID` int(11) NOT NULL,
  `version` enum('cz','en','pl') COLLATE utf8_czech_ci DEFAULT NULL,
  `category_categoryID` int(11) NOT NULL,
  `plocationRequired` char(1) COLLATE utf8_czech_ci NOT NULL DEFAULT '0'
) ENGINE=InnoDB DEFAULT CHARSET=utf8 COLLATE=utf8_czech_ci;

-- --------------------------------------------------------

--
-- Struktura tabulky `item`
--

CREATE TABLE `item` (
  `itemID` int(11) NOT NULL,
  `value` varchar(100) COLLATE utf8_czech_ci NOT NULL
) ENGINE=InnoDB DEFAULT CHARSET=utf8 COLLATE=utf8_czech_ci;

-- --------------------------------------------------------

--
-- Struktura tabulky `line`
--

CREATE TABLE `line` (
  `lineID` int(11) NOT NULL,
  `name` varchar(45) COLLATE utf8_czech_ci NOT NULL,
  `division_divisionID` int(11) NOT NULL
) ENGINE=InnoDB DEFAULT CHARSET=utf8 COLLATE=utf8_czech_ci;

--
-- Vypisuji data pro tabulku `line`
--

INSERT INTO `line` (`lineID`, `name`, `division_divisionID`) VALUES
(1, 'MA-13', 1),
(2, 'MA-14', 1),
(3, 'MA-17', 1),
(4, 'CNC', 1),
(5, 'Ostatní', 1),
(6, 'TC1', 2),
(7, 'TC2', 2),
(8, 'TC3', 2),
(9, 'CW', 2),
(10, 'Shaft', 2),
(11, 'Ostatní', 2),
(12, 'CNC Hard', 3),
(13, 'CNC Soft', 3),
(14, 'MA-01', 3),
(15, 'MA-03', 3),
(16, 'MA-05', 3),
(17, 'MA-07', 3),
(18, 'MA-10', 3),
(19, 'MA-11', 3),
(20, 'MA-12', 3),
(21, 'MA-16', 3),
(22, 'Myčky', 3),
(23, 'PA-01', 3),
(25, 'PA-03', 3),
(27, 'PA-06', 3),
(28, 'Reworky', 3),
(29, 'Testery', 3),
(30, 'Ostatní', 3),
(31, ' F1C', 4),
(32, ' F1C-M', 4),
(33, 'CL ECV1', 4),
(34, 'CL OM654', 4),
(35, 'DC M-C', 4),
(36, 'EBV', 4),
(37, 'eCBV', 4),
(38, 'ECV1-2', 4),
(39, 'ECV3 B', 4),
(40, 'ECV3', 4),
(41, 'EWP', 4),
(42, 'GPA NG2', 4),
(43, 'NG3_3', 4),
(44, 'SMT1', 4),
(45, 'Ostatní', 4),
(46, 'NOX1', 5),
(47, 'NOX2', 5),
(48, 'NOX3', 5),
(49, 'NOX4', 5),
(50, 'NOX5', 5),
(51, 'NOX6', 5),
(52, 'NOX7', 5),
(53, 'NOX8', 5),
(54, 'NOX9', 5),
(55, 'NOX10', 5),
(56, 'SMT2', 5),
(57, 'SMT3', 5),
(58, 'Ostatní', 5),
(59, 'PS100', 6),
(60, 'PS100-2', 6),
(61, 'HPS GEN3', 6),
(62, 'Ostatní', 6),
(63, 'NOX LC', 5),
(64, 'NOX VTM', 5),
(65, 'EWP2', 4),
(66, 'ML (Measuring Laboratory)', 7),
(67, 'MA (Material analysis)', 7),
(68, 'CAL (Calibration)', 7),
(69, 'WRC (Warranty return center)', 7),
(70, 'MA-18', 3);

-- --------------------------------------------------------

--
-- Struktura tabulky `question`
--

CREATE TABLE `question` (
  `questionID` int(11) NOT NULL,
  `label` varchar(100) COLLATE utf8_czech_ci NOT NULL,
  `type` enum('picture','text','choose','satisfaction','division','station','line') COLLATE utf8_czech_ci NOT NULL,
  `qnumber` int(11) NOT NULL,
  `form_formID` int(11) NOT NULL
) ENGINE=InnoDB DEFAULT CHARSET=utf8 COLLATE=utf8_czech_ci;

-- --------------------------------------------------------

--
-- Struktura tabulky `question_option`
--

CREATE TABLE `question_option` (
  `optionID` int(11) NOT NULL,
  `text` varchar(100) COLLATE utf8_czech_ci NOT NULL,
  `question_questionID` int(11) NOT NULL
) ENGINE=InnoDB DEFAULT CHARSET=utf8 COLLATE=utf8_czech_ci;

-- --------------------------------------------------------

--
-- Struktura tabulky `record`
--

CREATE TABLE `record` (
  `recordID` int(11) NOT NULL,
  `perNumber` varchar(45) COLLATE utf8_czech_ci NOT NULL,
  `form_formID` int(11) NOT NULL,
  `question_questionID` int(11) NOT NULL,
  `item_itemID` int(11) NOT NULL
) ENGINE=InnoDB DEFAULT CHARSET=utf8 COLLATE=utf8_czech_ci;

-- --------------------------------------------------------

--
-- Struktura tabulky `station`
--

CREATE TABLE `station` (
  `stationID` int(11) NOT NULL,
  `name` varchar(100) COLLATE utf8_czech_ci NOT NULL,
  `line_lineID` int(11) NOT NULL
) ENGINE=InnoDB DEFAULT CHARSET=utf8 COLLATE=utf8_czech_ci;

--
-- Vypisuji data pro tabulku `station`
--

INSERT INTO `station` (`stationID`, `name`, `line_lineID`) VALUES
(1, 'M110 (popis DMC kódu) PDV', 1),
(2, 'M10 (lisování sedla) PDV', 1),
(3, 'M20 (svařování rukávu) PDV', 1),
(4, 'M30 (montáž podskupina kotva) PDV', 1),
(5, 'M40 (montáž modulu PDV, svař. jádra) PDV', 1),
(6, 'M50 (test těsnosti heliem) PDV', 1),
(7, 'M60/M65 (krimpování cívky a filtru) PDV', 1),
(8, 'M100 (elektrický a hydraulický test) PDV', 1),
(9, 'Laser (TruDisk 2002) PDV', 1),
(10, 'Ostatní', 1),
(11, 'Etiketovací stanice MA-14 RAIL', 2),
(12, 'Montážní stanice MA-14 RAIL', 2),
(13, 'Testovací stanice MA-14 RAIL', 2),
(14, 'Autofretage MA-14 RAIL', 2),
(15, 'Autofretage 2 (110.2) MA-14 RAIL', 2),
(16, 'Montážní stanice 2 MA-14 RAIL', 2),
(17, 'Testovací stanice 2 MA-14 RAIL', 2),
(18, 'Ostatní', 2),
(19, 'M110 (popis DMC kodu)', 3),
(20, 'M10 (lisování sedla)', 3),
(21, 'M20 (svařování rukávu)', 3),
(22, 'M30 (montáž podskupina kotva)', 3),
(23, 'M40 (montáž modulu a svařování jádra)', 3),
(24, 'M50 (test těsnosti héliem)', 3),
(25, 'M60 / M65 (krimpování cívky a filtru)', 3),
(26, 'M100 (elektrický a hydraulický test)', 3),
(27, 'Laser (TruDisk 2002)', 3),
(28, 'Ostatní', 3),
(29, 'Odsávací filtrační zařízení OFZ6', 4),
(30, 'Gravírovací zařízení DMC kódu A RAIL', 4),
(31, 'Pásová pila CNC RAIL (Pilous)', 4),
(32, 'Odsávací filtrační zařízení OFZ8 RAIL', 4),
(33, 'Gravírovací zařízení DMC kódu B RAIL', 4),
(34, 'BM-01 - (hloubkové vrtání - TBT) RAIL', 4),
(35, 'BM-02 - (hloubkové vrtání - TBT) RAIL', 4),
(36, 'DM-07 - (odjehlení č.7 - WMS)', 4),
(37, 'HE-01 - (Hydroerozivní obrábění) RAIL', 4),
(38, 'MM-08 - (frézování č.8 - Chiron)', 4),
(39, 'MM-09 - (frézování č.9 - Chiron)', 4),
(40, 'MM-10 - (frézování č.10 - Chiron) RAIL', 4),
(41, 'MM-11 - (frézování č.11- Chiron) RAIL', 4),
(42, 'MM-12 - (frézování č.12- Chiron) RAIL', 4),
(43, 'WM-19 (mycí zařízení č.19 - M+P) RAIL', 4),
(44, 'WM-20 (mycí zařízení č.20 - MTM) RAIL', 4),
(45, 'Ostatní', 5),
(46, 'TC1 - Dopravní systém', 6),
(47, 'TC1-10 (bruska turb. kola) Modler', 6),
(48, 'TC1-20 (myčka turb. kola a hřídelky)Pero', 6),
(49, 'TC1-30 (elektronová svářečka) PTR', 6),
(50, 'TC1-40 (bruska kontury) Modler', 6),
(51, 'TC1-48 (filtrační zařízení)', 6),
(52, 'TC1-60 (nízkorychlostní vyvažovačka 1)', 6),
(53, 'TC1-70 (myčka rotoru) Hösel', 6),
(54, 'TC1-100 (zakládání dílů do WT)', 6),
(55, 'TC1-110 (montáž skupiny rotoru)', 6),
(56, 'TC1-120 (předmontáž jádra)', 6),
(57, 'TC1-130 (montáž sestavy zadního disku)', 6),
(58, 'TC1-140 (montáž kompresorového kola)', 6),
(59, 'TC1-150 (dopravník pro NOK kusy)', 6),
(60, 'TC1-200 (manipulační jednot. s robotem)', 6),
(61, 'TC1-210 (vysokorychlost. vyvažovačka 1)', 6),
(62, 'TC1-220 (vysokorychlost. vyvažovačka 2)', 6),
(63, 'TC1-230 (vysokorychlost. vyvažovačka 3)', 6),
(64, 'TC1-300 (zakládání sest. tělesa turbíny)', 6),
(65, 'TC1-305 (mont.sest.ložis.těl.do turb.)', 6),
(66, 'TC1-310 (mont.o-krouž.,šroubů a krytek)', 6),
(67, 'TC1-320 (šroubovací stanice)', 6),
(68, 'TC1-330 (předmontáž aktuátoru)', 6),
(69, 'TC1-340 (nast. aktuátoru a rotační test)', 6),
(70, 'Odsávací filtrační zařízení OFZ5', 6),
(71, 'Tiskárna JET2 NEO (TC1-060)', 6),
(72, 'Odsávací zařízení OFZ 11 (TC1-60)', 6),
(73, 'TC1-380 (balení)', 6),
(74, 'TC1-350 (osazení čepiček)', 6),
(75, 'TC1-360 (laserování DMC kódu)', 6),
(76, 'TC1-370 (dopravník pro NOK kusy)', 6),
(77, 'TC1 - Dopravní systém - výroba rotoru', 6),
(78, 'TC1 - Dopravní systém - montáž jádra', 6),
(79, 'TC1 - Dopravní systém - finální montáž', 6),
(80, 'TC1-050 (myčka) SILBERHORN', 6),
(81, 'TC1-350 Robot UR5 (UNIVERSAL ROBOTS)', 6),
(82, 'Rezacka 2. ATM Brillant', 6),
(83, 'Ostatní', 6),
(84, 'Odsávací zařízení OFZ 10 (TC2-60)', 7),
(85, 'TC2-10 (bruska turb. kola) Modler', 7),
(86, 'TC2-305 (mont.sest.ložis.těl.do turb.)', 7),
(87, 'TC2-310 (mont.o-krouž.,šroubů a krytek)', 7),
(88, 'TC2-312 (montáž aktuátoru)', 7),
(89, 'TC2-314 (montáž tlumiče)', 7),
(90, 'TC2-316 (montáž ESUV)', 7),
(91, 'TC2-320 (šroubovací stanice)', 7),
(92, 'TC2-330 (nastavení aktuátoru)', 7),
(93, 'TC2-350 (laserování DMC kódu)', 7),
(94, 'TC2-360 (dopravník pro NOK kusy)', 7),
(95, 'TC2-370 (odebírání hotových dílů)', 7),
(96, 'TC2-300 (založení turbín. domku na WT )', 7),
(97, 'TC2-335 (funkční tester) FROEHLICH', 7),
(98, 'TC2-040 (bruska kontury) MODLER', 7),
(99, 'TC2-048 (filtrační zařízení) FAUDI', 7),
(100, 'TC2-030 (elektronová svářečka) PTR', 7),
(101, 'TC2-060 (nízkorychlostní vyvažovačka 1)', 7),
(102, 'Tiskárna JET2 NEO (TC2-060/065)', 7),
(103, 'TC2-210 (vysokorychlost. vyvažovačka 1)', 7),
(104, 'TC2-220 (vysokorychlost. vyvažovačka 2)', 7),
(105, 'TC2-200 (manipulační jednotka s robotem)', 7),
(106, 'TC2- Dopravní systém (D1 - D31)', 7),
(107, 'TC2-150 (dopravník pro NOK kusy)', 7),
(108, 'TC2-050 (myčka a měřící stanice rotoru)', 7),
(109, 'TC2-100 (osazení komponentu na WT)', 7),
(110, 'TC2-110 (montáž skupiny rotoru)', 7),
(111, 'TC2-120 (montáž skupiny ložiska tělesa)', 7),
(112, 'TC2-130 (montáž zadního disku)', 7),
(113, 'TC2-140 (montáž kompresorového kola)', 7),
(114, 'Ostatní', 7),
(115, 'TC3-60 B (nízkorychlostní vyvažovačka)', 8),
(116, 'Odsávací zařízení OFZ 12 (TC3-60 B)', 8),
(117, 'Odsávací zařízení OFZ 13 (TC3-60 A)', 8),
(118, 'TC3 - Dopravní systém', 8),
(119, 'TC3-10 (bruska turb. kola) Bahmuller', 8),
(120, 'TC3-40 (bruska kontury) Bahmuller', 8),
(121, 'TC3-48 (filtrační zařízení) F.E.S.', 8),
(122, 'TC3-60 A (nízkorychlostní vyvažovačka)', 8),
(123, 'TC3-100 (montáž skupiny rotorů)', 8),
(124, 'TC3-110 (montáž rotorů do BH)', 8),
(125, 'TC3-120 (montáž skupiny ložiska tělesa)', 8),
(126, 'TC3-130 (montáž zadního disku)', 8),
(127, 'TC3-140 (montáž kompresorového kola)', 8),
(128, 'TC3-210 A (vysokorychlostní vyvažovačka)', 8),
(129, 'TC3-300 (montáž jádra na turb.těleso)', 8),
(130, 'TC3-310 (montáž coru na turb.těleso)', 8),
(131, 'TC3-320 (šroub. a montáž kompres. kola)', 8),
(132, 'TC3-330 (předmontáž aktuátoru)', 8),
(133, 'TC3-340 (montáž aktuátoru)', 8),
(134, 'TC3-350 (nastavení aktuátoru)', 8),
(135, 'TC3-360 (laserový popis DMC kódu)', 8),
(136, 'TC3-370 (balení turbodmychadla)', 8),
(137, 'TC3-270 (Demontážní stůl)', 8),
(138, 'TC3-200 (manip.jednotka s robotem)', 8),
(139, 'Robot TX 60 (fa.Stäubli) TC3-10', 8),
(140, 'Robot TX 60 (fa.Stäubli) TC3-40', 8),
(141, 'Robot TX 60 (fa.Stäubli) TC3-60 A', 8),
(142, 'Tiskárna JET2 Neo (Leibinger) TC3-60 A', 8),
(143, 'Robot TX 60 (fa.Stäubli) TC3-60 B', 8),
(144, 'Tiskárna JET2 Neo (Leibinger) TC3-60 B', 8),
(145, 'TC3-210 B (vysokorychlostní vyvažovačka)', 8),
(146, 'TC3-210 C (vysokorychlostní vyvažovačka)', 8),
(147, 'TC3-30 (elektronová svářečka) PTR', 8),
(148, 'Robot Stäubli TX60 (TC3-30)', 8),
(149, 'Robot Stäubli TX90 (TC3-30)', 8),
(150, 'TC3-320B (šroub. a montáž kompres. kola)', 8),
(151, 'TC3-350B (nastavení aktuátoru)', 8),
(152, 'TC3-355 (nastavení aktuátoru)', 8),
(153, 'Robot TX 90 (fa.Stäubli) TC3-350A', 8),
(154, 'Robot TX 90 (fa.Stäubli) TC3-350B', 8),
(155, 'Robot TX 90 (fa.Stäubli) TC3-355', 8),
(156, 'Ostatní', 8),
(157, 'Odsávací filtrační zařízení OFZ7', 9),
(158, 'st. 10 (vertikální soustruh) CW', 9),
(159, 'st. 30 (frézovací zařízení) CW', 9),
(160, 'st. 50 (vyvažovací stroj) CW', 9),
(161, 'st. 20 (laser.popis, odlamování, měření)', 9),
(162, 'Robot Stäubli - st.20 CW', 9),
(163, 'st. 40 (myčka) CW', 9),
(164, 'Robot Stäubli TX40 - st.40 CW', 9),
(165, 'Robot Stäubli TX90 - st.40 CW', 9),
(166, 'Ostatní', 9),
(167, 'st.10 (soustružení hřídelky) Sprint 32/8', 10),
(168, 'st.20 (broušení hřídelky) Mikrosa', 10),
(169, 'st.30 (soustružení hřídelky) Sprint 50', 10),
(170, 'st.40 (myčka)', 10),
(171, 'st.50 (měřící automat) Hafner', 10),
(172, 'Ostatní', 11),
(173, 'GM-04 (broušení č.4 - Index)', 12),
(174, 'GM-03 (broušení č.3 - Index)', 12),
(175, 'HM-01 - (honování č.1 - Kadia)', 12),
(176, 'GM-02 (broušení č.2 - Index)', 12),
(177, 'GM-05 (broušení č.5 - Index)', 12),
(178, 'GM-06 (broušení č.6 - Index)', 12),
(179, 'DM-03 (odjehlení č.3 - Silberhorn)', 12),
(180, 'Vakuové čerpadlo Laybold', 12),
(181, 'GM-01 (broušení č.1 - Index)', 12),
(182, 'Řezačka AXITOM č.1', 12),
(183, 'HM-02 - (honování č.2 - Kadia) PUMA', 12),
(184, 'FELSOMAT PUMA', 12),
(185, 'GM-07 (broušení č.7 - Index)', 12),
(186, 'GM-08 (broušení č.8 - Index)', 12),
(187, 'GM-09 (broušení č.9 - Index)', 12),
(188, 'GM-10 (broušení č.10 - Index)', 12),
(189, 'GM-11 (broušení č.11 - Index)', 12),
(190, 'GM-12 (broušení č.12 - Index)', 12),
(191, 'DM-06 (odjehlení č.6 - MTM)', 12),
(192, 'HM-03 - (honování č.3 - Kadia)', 12),
(193, 'Laminární box č.2 (LB2) SO10', 12),
(194, 'GM-20 (broušení č.20 - Index)', 12),
(195, 'GM-21(broušení č.21- BAHMÜLLER)', 12),
(196, 'Laserovací stanice TOPEX', 12),
(197, 'HM-05 - (honování č5 - Kadia) DHP1', 12),
(198, 'HE-02 - (Hydroerozivní obrábění) DHP1', 12),
(199, 'Robot Stäubli TS60 (HE-02)', 12),
(200, 'Ostatní', 12),
(201, 'TM-01 (soustruh č.1 - Emag)', 13),
(202, 'TM-02 (soustruh č.2 - Emag)', 13),
(203, 'MM-01 - (frézování č.1 - Chiron)', 13),
(204, 'DM-02 (odjehlení č.2 - Extrude Hone)', 13),
(205, 'MM-02 - (frézování č.2 - Chiron)', 13),
(206, 'TM-03 (soustruh č.3 - Emag)', 13),
(207, 'TM-04 (soustruh č.4 - Emag)', 13),
(208, 'DM-01 (odjehlení č.1 - Silberhorn)', 13),
(209, 'TM-05 (soustruh č.5 - Emag)', 13),
(210, 'TM-06 (soustruh č.6 - Emag)', 13),
(211, 'MM-03 - (frézování č.3 - Chiron)', 13),
(212, 'Měřící zařízení REDOMATIC 450', 13),
(213, 'DM-05 (odjehlení č.5 - Extrude Hone)', 13),
(214, 'TM-08 (soustruh č.8 - Emag)', 13),
(215, 'TM-09 (soustruh č.9 - Emag)', 13),
(216, 'TM-10 (soustruh č.10 - Emag)', 13),
(217, 'TM-11 (soustruh č.11 - Emag)', 13),
(218, 'TM-12 (soustruh č.12 - Emag)', 13),
(219, 'TM-13 (soustruh č.13 - Emag)', 13),
(220, 'MM-04 - (frézování č.4 - Chiron)', 13),
(221, 'MM-05 - (frézování č.5 - Chiron)', 13),
(222, 'MM-06 - (frézování č.6 - Chiron)', 13),
(223, 'DM-04 (odjehlení č.4 - MTM)', 13),
(224, 'Řezačka AXITOM č.2', 13),
(225, 'Laminární box č.1 (LB1) SO01', 13),
(226, 'Odsávací filtrační zařízení OFZ1', 13),
(227, 'Odsávací filtrační zařízení OFZ2', 13),
(228, 'Filtrace EMAG 1-2', 13),
(229, 'Filtrace EMAG 3-4', 13),
(230, 'Filtrace EMAG 5-6', 13),
(231, 'Filtrace EMAG 8-9', 13),
(232, 'Filtrace EMAG 10-11', 13),
(233, 'Filtrace EMAG 12-13', 13),
(234, 'Úpravna vody (Mönkemöller)', 13),
(235, 'MM-07 - (frézování č.7 - Chiron)', 13),
(236, 'Odsávací filtrační zařízení OFZ3', 13),
(237, 'Odsávací filtrační zařízení OFZ4', 13),
(238, 'Protipožární zařízení (PEKA)', 13),
(239, 'Robot KUKA (DM-02)', 13),
(240, 'Robot KUKA (DM-05)', 13),
(241, 'Rezacka ATM Brillant', 13),
(242, 'TM-15 (soustruh č.15 - Emag)', 13),
(243, 'TM-16 (soustruh č.16 - Emag)', 13),
(244, 'Filtrace EMAG 15-16', 13),
(245, 'Ostatní', 13),
(246, 'Dopravní systém MA-01', 14),
(247, 'Stanice 10 MA-01', 14),
(248, 'Stanice 20 (montáž hřídele) MA-01', 14),
(249, 'Stanice 30 (montáž víka) MA-01', 14),
(250, 'Stanice 40 (šroubování víka) MA-01', 14),
(251, 'Stanice 50 (předmontáž a šroub. pístů)', 14),
(252, 'Stanice 60 (předmontáž VCV ventilu)MA-01', 14),
(253, 'Stanice 70 (předmontáž konektoru) MA-01', 14),
(254, 'Laserový popisovač MA-01', 14),
(255, 'Dopravní systém MA-03', 15),
(256, 'Lepení štítku MA-03', 15),
(257, 'Stanice M11 (mont. podskup.tělesa) MA-03', 15),
(258, 'Stanice M12 (mont. podskup.tělesa) MA-03', 15),
(259, 'Stanice M31 (mont. podsk.říd.talíře)', 15),
(260, 'Stanice M32 (mont. podsk.říd.talíře)', 15),
(261, 'Stanice M33 (mont. podsk.říd.talíře)', 15),
(262, 'Stanice M41 (finální mont. čerpadla)', 15),
(263, 'Stanice M42.1(šroub.řídícího talíře)', 15),
(264, 'Stanice M42.2 (šroubování víka)', 15),
(265, 'Stanice M43 (šroubování válce) MA-03', 15),
(266, 'Stanice M44 (test těsnosti) MA-03', 15),
(267, 'Laserový popisovač MA-03', 15),
(268, 'Stanice 6 (předmontáž přípojek přítoku)', 16),
(269, 'Stanice 1 (montáž membrány)', 16),
(270, 'Stanice PEROTIN (lisování ventilu)', 16),
(271, 'Stanice 2 (montáž těla ventilu)', 16),
(272, 'Stanice 3 (montáž pístu)', 16),
(273, 'Stanice 5 (lisování sestavy ložiska)', 16),
(274, 'Stanice 4 (předmontáž víka)', 16),
(275, 'Lis 3T (lisování)', 16),
(276, 'Plnící stanice', 16),
(277, 'M10 (zařízení pro lisování expandéru)', 17),
(278, 'M20 (zařízení pro šroubování a lisování)', 17),
(279, 'M40 (zařízení pro lisování ventilu)', 17),
(280, 'M42 (zařízení pro lisování)', 17),
(281, 'M43 (zařízení pro lisování a šroubování)', 17),
(282, 'M50 (zařízení pro lisování a šroubování)', 17),
(283, 'M59 (zařízení pro montáž a lisování)', 17),
(284, 'M71 (zařízení pro šroubování) MA-07', 17),
(285, 'M74 (zařízení pro montáž, lis. a lepení)', 17),
(286, 'M77 (tester těsnosti héliem) MA-07', 17),
(287, 'M90 (zařízení pro předmont. ložiska vík)', 17),
(288, 'M92 (zařízení pro šroubování a montáž)', 17),
(289, 'Plnící stanice (Single filling bench)', 17),
(290, 'Plnící stanice (Double filling bench)', 17),
(291, 'M05 (zalisování pinu a laserování DMC)', 17),
(292, 'Stanice M43 (šroubování válce)', 18),
(293, 'Dopravní systém MA-10 GEN6', 18),
(294, 'Stanice 10.1 (laserování štítku) MA-10', 18),
(295, 'Stanice 10.2 (montáž O-kroužku) MA-10', 18),
(296, 'Stanice 10.3 (lis.guf.lož.kul.tem.podl.)', 18),
(297, 'Stanice 20.1 (mont. o-kroužku a vlož.hř)', 18),
(298, 'Stanice 20.3 (šroub. víka a pootoč.hříd)', 18),
(299, 'Stanice 30.1 (gravírování DMC kódu)', 18),
(300, 'Stanice 30.2 (lisov. DBV,kuličky a ucp.)', 18),
(301, 'Stanice 30.3 (lis.lož.,pinů,mont.O-krou)', 18),
(302, 'Stanice 40 (montáž a šroubování válců)', 18),
(303, 'Stanice 50.2 (mont.vystlk.výv.šroub.PLW)', 18),
(304, 'Stanice 50.4 (šroub. přítoku a odtoku)', 18),
(305, 'Stanice 60.1 (předmontáž držáku a VCV)', 18),
(306, 'Stanice 60.2 (šroub. držáku a VCV)', 18),
(307, 'Stanice 60.3 (kontr. těsnosti čerpadla)', 18),
(308, 'Stanice 31.2 (lis.DBV,kuličky a ucpávky)', 18),
(309, 'Stanice 31.3 (lis.lož.,pinů,mont.O-krou)', 18),
(310, 'Stanice BP5 (lisování ložiska)', 18),
(311, 'Dopravní systém MA-11 Puma', 19),
(312, 'Stanice M62 (lis. kolíků,kuliček,přít.)', 19),
(313, 'Stanice M61 (lis.DBV,temSPV,lis.kolíč.)', 19),
(314, 'Stanice pro automatické lepení štítku', 19),
(315, 'Stanice M10 (šroubování PLV,lis.ucp.)', 19),
(316, 'Stanice M12 (osazení O-kroužku,lis.guf.)', 19),
(317, 'Stanice M41 MA-11', 19),
(318, 'Stanice M42 (šroubování řídícího disku)', 19),
(319, 'Stanice M63 (zajiš.krytu,šroubování VCV)', 19),
(320, 'Stanice M64 (šroubování válců) MA-11', 19),
(321, 'Stanice M44 (kontrola těsnosti) MA-11', 19),
(322, 'Dopravní systém GHP2', 20),
(323, 'M20 (lisování výstupního ventilu) GHP2', 20),
(324, 'M21 (lisování PRV ventilu) GHP2', 20),
(325, 'M22 (lisování vstupního ventilu) GHP2', 20),
(326, 'M12,14 (svař.vstup.vent.+hřídele) GHP2', 20),
(327, 'M13 (měření hřídele) GHP2', 20),
(328, 'M24 (lisování Pole Piece) GHP2', 20),
(329, 'M25 (svařování HP válce) GHP2', 20),
(330, 'M26 (svař. HP konektoru+ aktuatoru) GHP2', 20),
(331, 'M29 (svařování držáku) GHP2', 20),
(332, 'HM-04 (honování tělesa) GHP2', 20),
(333, 'Překládací stanice GHP2', 20),
(334, 'WM-21 (myčka Hösel) GHP2', 20),
(335, 'M27 (montáž pístu) GHP2', 20),
(336, 'M28 (test těsnosti) GHP2', 20),
(337, 'M30 (svařování pístu) GHP2', 20),
(338, 'M10-M11 (montáž tlumiče) GHP2', 20),
(339, 'M31 (svařování tlumiče) GHP2', 20),
(340, 'M33 (montáž pružiny) GHP2', 20),
(341, 'M50-51 (laserový popis) GHP2', 20),
(342, 'Laser 1 (TruDisk 4002) GHP2', 20),
(343, 'Laser 2 (TruDisk 4002) GHP2', 20),
(344, 'M5 (montáž tělesa) GHP2', 20),
(345, 'M32 (helium test) GHP2', 20),
(346, 'M32 (montáž válce) MA-16', 21),
(347, 'M31 (montáž hřídele) MA-16', 21),
(348, 'M21 MA-16', 21),
(349, 'M11 MA-16', 21),
(350, 'M41 MA-16', 21),
(351, 'Dopravní systém MA-16', 21),
(352, 'Popisovací laser MA-16', 21),
(353, 'WM-03 (mycí zařízení č.3 - Hösel)', 22),
(354, 'WM-05 (mycí zařízení č.5 - Dürr)', 22),
(355, 'WM-06 (mycí zařízení č.6 - Dürr)', 22),
(356, 'WM-07 (mycí zařízení č.7 - Dürr)', 22),
(357, 'WM-09 (mycí zařízení č.9 - Dürr)', 22),
(358, 'WM-10 (mycí zařízení č.10 - Dürr)', 22),
(359, 'WM-11 (mycí zařízení č.11 - Dürr)', 22),
(360, 'WM-12 (mycí zařízení č.12 - Dürr)', 22),
(361, 'WM-13 (mycí zařízení č.13 - Hösel)', 22),
(362, 'WM-14 (mycí zařízení č.14 - Dürr)', 22),
(363, 'WM-15 (mycí zařízení č.15 - Dürr)', 22),
(364, 'Dopravní systém 1 - WM', 22),
(365, 'Dopravní systém 2 - WM', 22),
(366, 'Dopravní systém 3 - WM', 22),
(367, 'Dopravní systém 5 - WM', 22),
(368, 'Dopravní systém 6 - WM', 22),
(369, 'Dopravní systém 7 - WM', 22),
(370, 'Demagnetizace 1 - WM', 22),
(371, 'Demagnetizace 2 - WM', 22),
(372, 'Dopravní systém 8 - WM', 22),
(373, 'Úpravna vody (Mönkemöller) WM', 22),
(374, 'Dopravní systém PA-01', 23),
(375, 'Stanice 1 (montáž vysokotlakého potrubí)', 23),
(376, 'Stanice 3 (test sacího ventilu)', 23),
(377, 'Stanice 5 (Test válce)', 23),
(378, 'Stanice 6 (párování pístu k válci)', 23),
(379, 'Stanice 7 (montáž pístu)', 23),
(380, 'Stanice 8 (montáž pístu do válce)', 23),
(381, 'Stanice 13 (popisovací laser Vectormark)', 23),
(382, 'Stanice 9 (analýza)', 23),
(383, 'Stanice 11 (montáž sacího ventilu)', 23),
(384, 'Stanice 10 (umístění válce do palet)', 23),
(396, 'Dopravní systém PA-03', 25),
(397, 'Stanice 1 (mont. vysokotlak.vent.) PA-03', 25),
(398, 'Stanice 3 (test sacího ventilu) PA-03', 25),
(399, 'Stanice 4 (měření válce a pístu) PA-03', 25),
(400, 'Stanice 5 (automatický test válce) PA-03', 25),
(401, 'Stanice 6 (párování pístu k válci) PA-03', 25),
(402, 'Stanice 7 (automat. montáž pístu) PA-03', 25),
(403, 'Stanice 8 (montáž pístu do válce ) PA-03', 25),
(404, 'Stanice 13 (popis.laser Vectormark)PA-03', 25),
(405, 'Stanice 9 (analýza) PA-03', 25),
(406, 'Stanice 11 (montáž sacího ventilu) PA-03', 25),
(407, 'Stanice 10 (umíst. válce do palet) PA-03', 25),
(408, 'Stanice 12 (aut.zakládání válce) PA-03', 25),
(409, 'Stanice 16 (montáž ventilu) PA-03', 25),
(427, 'M1 (párování) PA-06', 27),
(428, 'M2 (montáž ložiska) PA-06', 27),
(429, 'M3 (svařování core) PA-06', 27),
(430, 'M4 (test těsnosti) PA-06', 27),
(431, 'M5 (montáž ciol) PA-06', 27),
(432, 'Stanice oprav RE-01', 28),
(433, 'Stanice oprav DV6C RE-02', 28),
(434, 'Stanice oprav Puma RE-05', 28),
(435, 'Stanice oprav GEN6 RE-06', 28),
(436, 'Stanice na zkoušku těsnosti válců -RE', 28),
(437, 'Dopravní systém TB-01 - TB-04', 29),
(438, 'TB-01 (zkušební stanice č.1 -Team tech.)', 29),
(439, 'TB-02 (zkušební stanice č.2 -Team tech.)', 29),
(440, 'TB-03 (zkušební stanice č.3 -Team tech.)', 29),
(441, 'TB-04 (zkušební stanice č.4 -Team tech.)', 29),
(442, 'Centrální mazání TB-01- TB-04', 29),
(443, 'TB-41 (zkušební stanice B - Moehwald)', 29),
(444, 'TB-06 (zkušební stanice č.6 -Team tech.)', 29),
(447, 'Centrální mazání Sonplas', 29),
(448, 'TB-44 (zkušební stanice E - Moehwald)', 29),
(449, 'TB-45 (zkušební stanice F - Moehwald)', 29),
(450, 'TB-60 (zkušební stanice č.60 - AMS) Opel', 29),
(451, 'TB-61 (zkušební stanice č.61 -PPQ5 GHP2)', 29),
(452, 'TB-70 (zkušební stanice č.70 - LOCCIONI)', 29),
(453, 'TB-71 (zkušební stanice č.71 - LOCCIONI)', 29),
(454, 'M300 (konečná kontrola a balení) MA-07', 29),
(455, 'TB-63 (zkušební stanice č.63)', 29),
(456, 'TB-08 (zkušební stanice č.8 -Team tech.)', 29),
(457, 'TB-09 (zkušební stanice č.9 -Team tech.)', 29),
(458, 'TB-50 (zkušební stanice č.50 - WRC)', 29),
(459, 'TB-51 (zkušební stanice č.51 - WRC)', 29),
(460, 'TB-10 (zkušební stanice č.10 -Team tech)', 29),
(461, 'TB-11 (zkušební stanice č.11 -Team tech)', 29),
(462, 'TB-12 (zkušební stanice č.12 -Team tech)', 29),
(463, 'TB-13 (zkušební stanice č.13 -Team tech)', 29),
(464, 'TB-14 (zkušební stanice č.14 -Team tech)', 29),
(465, 'TB-30 (zkušební stanice č.30) PUMA', 29),
(466, 'TB-31 (zkušební stanice č.31) PUMA', 29),
(467, 'Šroubovací stanice č.1 (FT PUMA)', 29),
(468, 'Šroubovací stanice č.2 (FT PUMA)', 29),
(469, 'Centrální mazání (FT PUMA)', 29),
(470, 'TB-15 (zkušební stanice č.15 -Team tech)', 29),
(471, 'TB-32 (zkušební stanice č.32) PUMA', 29),
(472, 'TB-33 (zkušební stanice č.33) PUMA', 29),
(473, 'TB-53 (zkušební stanice č.53)PSA DV6 WRC', 29),
(474, 'TB-16 (zkušební stanice č.16 -Team tech)', 29),
(475, 'Final inspection st.100 DV6C', 29),
(476, 'TB-46 (zkušební stanice F - Moehwald)', 29),
(477, 'TB-47 (zkušební stanice F - Moehwald)', 29),
(478, 'Automatická tiskárna etiket (PUMA)', 29),
(479, 'Stanice finalní inspekce PUMA', 29),
(480, 'Stanice finalní inspekce GEN6', 29),
(481, 'TB-80 (zkuš. st. č.80 M40.1+M40.2) GHP2', 29),
(482, 'TB-81 (zkuš. st. č.81 M40.3+M40.4) GHP2', 29),
(483, 'TB-91 (zkušební stanice SONPLAS) DHP1', 29),
(484, 'TB-92 (zkušební stanice SONPLAS) DHP1', 29),
(485, 'TB-93 (zkušební stanice SONPLAS) DHP1', 29),
(486, 'Ostatní', 30),
(487, 'F1C - 55  (předmontáž)', 31),
(488, 'F1C - 10  (předmontáž)', 31),
(489, 'F1C - 20  (předmontáž)', 31),
(490, 'F1C - 30  (předmontáž)', 31),
(491, 'F1C - 40  (předmontáž)', 31),
(492, 'F1C - 50  (předmontáž)', 31),
(493, 'F1C - 22  (předmontáž)', 31),
(494, 'F1C - 45  (předmontáž)', 31),
(495, 'F1C - 07  (předmontáž)', 31),
(496, 'Tester akvárko  - F1C předpříprava haus.', 31),
(497, 'F1C - 10  (šroubování ECV chladič)', 32),
(498, 'F1C - 20  (šroubování EGR-trubka)', 32),
(499, 'F1C - 30  (test)', 32),
(500, 'F1C - 40  (potisk)', 32),
(501, 'F1C - 05  (UV lepení zátek)   MODUL', 32),
(502, 'Dopravní systém CL ECV1', 33),
(503, 'Lisování stínícího plechu CL ECV1', 33),
(504, 'Pájecí stanice CL ECV1', 33),
(505, 'Stanice předehřevu CL ECV1', 33),
(506, 'Zalévání vytvrzovací hmotou CL ECV1', 33),
(507, 'Stohovací stanice CL ECV1', 33),
(508, 'Vytvrzovací pec   č.1  CL ECV1', 33),
(509, 'Vytvrzovací pec   č.2  CL ECV1', 33),
(510, 'Vytvrzovací pec   č.3  CL ECV1', 33),
(511, 'Chladící box CL ECV1', 33),
(512, 'Tester CL ECV1', 33),
(513, 'Sušící pec HERAEUS               CL ECV1', 33),
(514, 'COV 10 (montáž senzoru)', 34),
(515, 'COV 20 (montáž cívek)', 34),
(516, 'COV 30 (sušící pec + chladící komora)', 34),
(517, 'COV 40 (montáž těsnění + test)', 34),
(518, 'Stanice 70  DC-M-C', 35),
(520, 'Robot Stäubli - TS80 (st. 70 - eCBV)', 37),
(521, 'Robot Stäubli - TS80 (st. 90 eCBV)', 37),
(522, 'Stanice 10 (příprava a montáž Z diody)', 37),
(523, 'Stanice 20 (navíjení cívky)', 37),
(524, 'Robot Stäubli - TX60, TS80 (st. 30 eCBV)', 37),
(525, 'Stanice 30 (montáž pouzdra a cívky)', 37),
(526, 'Stanice 40 (Overmilding - Hulk)', 37),
(527, 'Stanice 50 000 (mont. m.,šroub.v.m.)', 37),
(528, 'Stanice 60 (montáž armatury)', 37),
(529, 'Stanice 70 (lis. insertů a armatury do těl.)', 37),
(530, 'Stanice 80 (montáž O, V ringu, lis. shieldu)', 37),
(531, 'Stanice 90 (montáž a laserové sváření hold.)', 37),
(532, 'Robot Stäubli - X2-90 (st. 10 - eCBV)', 37),
(533, 'Stanice 100 (finál. test a laserový popis)', 37),
(534, 'Stanice 310 (laserový popis DMX kódu)', 39),
(535, 'Stanice 320 (llisování kolíku do haus.)', 39),
(536, 'Stanice 330 (nanášení lepidla pro capy)', 39),
(537, 'Stanice 340 (nanášení lepidla pro capy)', 39),
(538, 'Stanice 350 (lisování a stejkování sed.)', 39),
(539, 'Stanice 360 (lisování rukávků do haus.)', 39),
(540, 'Stanice 370 (horní lisování ložiska)', 39),
(541, 'Stanice 380 (spodní lisování ložiska)', 39),
(542, 'Stanice 390 (lisování ložiska DC motoru)', 39),
(543, 'Stanice 400 (lisování, stejkování podl.)', 39),
(544, 'Stanice 410 (zmagnetování magnetu h.)', 39),
(545, 'Stanice 420 (montáž zpětné pružiny)', 39),
(546, 'Stanice 430.1 (montáž klapky a hřídelky)', 39),
(547, 'Stanice 430.2 (montáž klapky a hřídelky)', 39),
(548, 'Stanice 440 (svařování klapky)', 39),
(549, 'Stanice 450 (axiální fixace hřídele)', 39),
(550, 'Stanice 460 (lisování víčka - capu)', 39),
(551, 'Stanice 470 (centr.,šroub.,test.DC mot.)', 39),
(552, 'Stanice 480 (mont.oz.kola, mont.coveru)', 39),
(553, 'Stanice 490 (test Air flow a Water leak)', 39),
(554, 'Stanice 500 (test Assembly Leakage)', 39),
(555, 'Stanice 510 (test Valve Seat Leakage)', 39),
(556, 'Stanice 520-530 (temování, popis coveru)', 39),
(557, 'Stanice 488 (Heat Shield)', 39),
(558, 'Dopravní systém ECV3', 40),
(559, 'ECV3-10  (popis DMX kódu)', 40),
(560, 'ECV3-30  (lisování ložisek)', 40),
(561, 'ECV3-40  (lisování víček)', 40),
(562, 'ECV3-50  (lis. lož.mot.,hřídel, těsnění)', 40),
(563, 'ECV3-60  (lisování sedla vent. a kolíku)', 40),
(564, 'ECV3-70 A (montáž těs. krouž. na klapku)', 40),
(565, 'ECV3-75  (montáž malé pružinky)', 40),
(566, 'ECV3-80  (laserové svařování)', 40),
(567, 'ECV3-100  (nakládání dílů)', 40),
(568, 'ECV3-110  (šroubování motorku)', 40),
(569, 'ECV3-120  (testování motorku)', 40),
(570, 'ECV3-130  (montáž ozubeného kolečka)', 40),
(571, 'ECV3-140  (umístění sensor krytu)', 40),
(572, 'ECV3-150 (šroubování senzor krytu)', 40),
(573, 'ECV3-160  (programování senzoru)', 40),
(574, 'ECV3-180  (test WCHLK)', 40),
(575, 'ECV3-170  (test VSLK a flow)', 40),
(576, 'ECV3-210  (laser date code)', 40),
(577, 'ECV3-220  (vykládka neshodných dílů)', 40),
(578, 'ECV3-230  (kontrola, balení)', 40),
(579, 'ECV3 - 25 (lisování pouzder)', 40),
(580, 'ECV3 - 70 B (mont. hříd., pruž., klapky)', 40),
(581, 'Stanice 73  (magnetizace s.h)', 40),
(582, 'Upínky   ECVIII', 40),
(583, 'ECV3 - 204   (temování kolíku senzoru)', 40),
(584, 'ECV3-90  (laserové svařování)  ax. fix.', 40),
(585, 'Laser  TruPulse 124', 40),
(586, 'Trhací stroj  ECV3', 40),
(587, 'ECV3-95 (ultrazvuk. svař. rotoru a hř.)', 40),
(588, 'ECV3-70 C (montáž klapky)', 40),
(589, 'ECV3-215  (finální kontrola)', 40),
(590, 'ECV3-170B (tester pro DAG-OM 642)', 40),
(591, 'ECV3-180B (tester pro DAG-OM 642)', 40),
(592, 'ECV3-240  (šroubování boltů)', 40),
(593, 'EWP - 20 (vrtání - hole machining)', 41),
(594, 'EWP - 30 (ohyb drátů - Copper wire bend)', 41),
(595, 'EWP - 40 (lisování IDC kontaktů)', 41),
(596, 'EWP - 50 (střižení drátů)', 41),
(597, 'EWP - 60 (čištění a kamerová kontrola)', 41),
(598, 'EWP - 70 (mont. ECM,aplikace p.,mont.p.)', 41),
(599, 'EWP - 80 (montáž těsnění SEAL)', 41),
(600, 'EWP - 90 (program PCB,pressfit PCB,3Dzk)', 41),
(601, 'EWP - 100 (tisk, aplikace DMX pro Cover)', 41),
(602, 'EWP - 110 (mont.memb.,lis.cap do Coveru)', 41),
(603, 'EWP - 120 (aplikace pasty na alu Cover)', 41),
(604, 'EWP - 130 (montáž alu coveru)', 41),
(605, 'EWP - 150 (plazma čištění a aktivace)', 41),
(606, 'EWP - 160.2 (vytvrzovací pec č.2)', 41),
(607, 'EWP - 165 (chlazení - cooling)', 41),
(608, 'EWP - 170 (předmontáž rotoru)', 41),
(609, 'EWP - 180 (montáž těsnění SHELL)', 41),
(610, 'EWP - 190 (montáž o-kroužku a rotoru)', 41),
(611, 'EWP - 200 (montáž spiral housingu)', 41),
(612, 'EWP - 210 (leakage test)', 41),
(613, 'EWP - 220 (funkční test)', 41),
(614, 'EWP - 230 (mont. Clamp adapteru a capů)', 41),
(615, 'EWP - 240 (laserové značení)', 41),
(616, 'EWP - 250 (vizuální kontrola a balení)', 41),
(617, 'EWP - 300 (analytické pracoviště)', 41),
(618, 'EWP - 350 (Offline WET test)', 41),
(619, 'EWP - central PC', 41),
(620, 'EWP - 160.4 (vytvrzovací pec č.4)', 41),
(621, 'EWP - 160.1 (vytvrzovací pec č.1)', 41),
(622, 'EWP - 160.3 (vytvrzovací pec č.3)', 41),
(623, 'EWP - 160.5 (vytvrzovací pec č.5)', 41),
(624, 'EWP - 160.6 (vytvrzovací pec č.6)', 41),
(625, 'EWP - 155 (zalévání silikonem)', 41),
(626, 'Stanice 05  NG2 (aplikátor štítků)', 42),
(627, 'Stanice 10  NG2 (lisování ložiska)', 42),
(628, 'Stanice 20  NG2 (lisování pouzdra)', 42),
(629, 'Stanice 30  NG2 (lisování kolíku)', 42),
(630, 'Stanice 60  NG2 (lisování páky)', 42),
(631, 'Stanice 50  NG2 (lisování čepu)', 42),
(632, 'Stanice 80  NG2 (nakl.,vykl.,šroubován)', 42),
(633, 'Stanice 90  NG2 (montáž čepičky, víka)', 42),
(634, 'Stanice 100  NG2 (klipování víka)', 42),
(635, 'Stanice 110  NG2 (nakl.,vykl.,progr.)', 42),
(636, 'Stanice 65 NG2  (vibrační sváření)', 42),
(637, 'NG3.3-40 (montáž ozub.seg. a pružiny)', 43),
(638, 'NG3.3-70 (vkládání mag.+ lis.podl.,capu)', 43),
(639, 'NG3.3-80 (laser.svařování páčky hřídele)', 43),
(640, 'NG3.3-90 (magnetování a lepení magnetu)', 43),
(641, 'NG3.3-100 (mont.motor.,šroub.,test odp.)', 43),
(642, 'NG3.3-110 (mazání + montáž ozub.koleček)', 43),
(643, 'NG3.3-135 (lisování gumového těsnění)', 43),
(644, 'NG3.3-120 (montáž coveru)', 43),
(645, 'NG3.3-130 (klipování)', 43),
(646, 'NG3.3-140 (tester + programování)', 43),
(647, 'NG3.3-150 (lisování kolíku)', 43),
(648, 'NG3.3-35 (lis.GEAR segmentu a hřídele)', 43),
(649, 'NG3.3-55 (lisování páčky a pinu)', 43),
(650, 'NG3.3-65 (laser.svař.páč.-pin,GEAR-hříd)', 43),
(651, 'NG3.3-85 (llis.druh.kolíku do hausingu)', 43),
(652, 'Dopravní systém SMT', 44),
(653, 'Stanice SMT 120-1  (frézka PCB)', 44),
(654, 'Stanice T50 (nanesení pájecí pasty)  SMT', 44),
(655, 'Stanice T60 NTX (osazování)  SMT', 44),
(656, 'Stanice T70 (průběžná pec)  SMT', 44),
(657, 'Stanice T80 (AOI - aut.viz.kontrola) SMT', 44),
(658, 'Stanice T90 (vizuální kontrola) SMT', 44),
(659, 'Stanice T100 (myčka PCB desek) SMT', 44),
(660, 'Stanice T10 (nakladač) SMT', 44),
(661, 'Stanice T95 (vykladač) SMT', 44),
(662, 'Stanice SMT - 55 (inspekce pájecí pasty)', 44),
(663, 'Stanice SMT - 30 (popisovací laser ASYS)', 44),
(664, 'T6201052 (myčka InJet)               SMT', 44),
(665, 'st.SMT-100 (myčka InJet Twin)', 44),
(666, 'Stanice SMT 120-2  (frézka PCB)', 44),
(667, 'N/A', 44),
(668, 'Ostatní', 45),
(669, 'Dopravní systém NOX1', 46),
(670, 'st. 1010 (dělení PCB) NOX1', 46),
(671, 'st. 1020 (test el. obvodů v PCB) NOX1', 46),
(672, 'st. 1030 (nakládání dílů na WT) NOX1', 46),
(673, 'st. 1040 (pre-test) NOX1', 46),
(674, 'st. 1050 (zalévání konektorů) NOX1', 46),
(675, 'st. 1060 (montáž domečku) NOX1', 46),
(676, 'st. 1070 (nanášení teplov.lepidla) NOX1', 46),
(677, 'st. 1080 (nanášení el.lepidla+AOI) NOX1', 46),
(678, 'st. 1090 (Press fit) NOX1', 46),
(679, 'st. 1100 (selektivní lakování) NOX1', 46),
(680, 'st. 1110 (UV vytvrzení) NOX1', 46),
(681, 'st. 1120 (AOI po lakování) NOX1', 46),
(682, 'st. 1130 (zalévání domečku) NOX1', 46),
(683, 'st. 1140 (montáž víka) NOX1', 46),
(684, 'st. 1150-1 Vytvrzovací pec č.1 NOX1', 46),
(685, 'st. 1150-2 Vytvrzovací pec č.2 NOX1', 46),
(686, 'st. 1150-3 Vytvrzovací pec č.3 NOX1', 46),
(687, 'st. 1150-4 Vytvrzovací pec č.4 NOX1', 46),
(688, 'st. 1150-5 Vytvrzovací pec č.5 NOX1', 46),
(689, 'st. 1160 (chladící komora) NOX1', 46),
(690, 'st. 1170 (Run - in) NOX1', 46),
(691, 'st. 1180 (tester těsnosti) NOX1', 46),
(692, 'st. 1190 (temperování + kalibrace) NOX1', 46),
(693, 'st. 1200 (antikor.pasta+mont.krytky)NOX1', 46),
(694, 'st. 1220 (Laserový popis) NOX1', 46),
(695, 'Páskovací stanice NOX1', 46),
(696, 'Klipovací stanice NOX1', 46),
(697, 'Dopravní systém NOX2', 47),
(698, 'st. 2020 (test el. obvodů v PCB) NOX2', 47),
(699, 'st. 2030 (nakládání dílů na WT) NOX2', 47),
(700, 'st. 2040 (pre-test) NOX2', 47),
(701, 'st. 2050 (zalévání konektorů) NOX2', 47),
(702, 'st. 2060 (montáž domečku) NOX2', 47),
(703, 'st. 2070 (nanášení teplov.lepidla) NOX2', 47),
(704, 'st. 2080 (nanášení el.lepidla+AOI) NOX2', 47),
(705, 'st. 2090 (Press fit) NOX2', 47),
(706, 'st. 2100 (slektivní lakování) NOX2', 47),
(707, 'st. 2110 (UV vytvrzení) NOX2', 47),
(708, 'st. 2120 (AOI po lakování) NOX2', 47),
(709, 'st. 2130 (zalévání domečku) NOX2', 47),
(710, 'st. 2140 (montáž víka) NOX2', 47),
(711, 'st. 2150-1 Vytvrzovací pec č.1 NOX2', 47),
(712, 'st. 2150-2 Vytvrzovací pec č.2 NOX2', 47),
(713, 'st. 2150-3 Vytvrzovací pec č.3 NOX2', 47),
(714, 'st. 2150-4 Vytvrzovací pec č.4 NOX2', 47),
(715, 'st. 2150-5 Vytvrzovací pec č.5 NOX2', 47),
(716, 'st. 2180 (tester těsnosti) NOX2', 47),
(717, 'st. 2190 (temperování+kalibrace) NOX2', 47),
(718, 'st. 2200 (antikor.pasta+mont.krytky)NOX2', 47),
(719, 'st. 2220 (Laserový popis) NOX2', 47),
(720, 'st. 2160 (chladící komora) NOX2', 47),
(721, 'Dopravní systém NOX3', 48),
(722, 'st. 3020 (test el. obvodů v PCB) NOX3', 48),
(723, 'st. 3030 (nakládání dílů na WT) NOX3', 48),
(724, 'st. 3040 (pre-test) NOX3', 48),
(725, 'st. 3050 (zalévání konektorů) NOX3', 48),
(726, 'st. 3060 (montáž domečku) NOX3', 48),
(727, 'st. 3070 (nanášení teplov.lepidla) NOX3', 48),
(728, 'st. 3080 (nanášení el.lepidla+AOI) NOX3', 48),
(729, 'st. 3090 (Press fit) NOX3', 48),
(730, 'st. 3100 (selektivní lakování) NOX3', 48),
(731, 'st. 3110 (UV vytvrzení) NOX3', 48),
(732, 'st. 3120 (AOI po lakování) NOX3', 48),
(733, 'st. 3130 (zalévání domečku) NOX3', 48),
(734, 'Robot TS20 (fa.Stäubli) st.3130 NOX3', 48),
(735, 'st. 3140 (montáž víka) NOX3', 48),
(736, 'st. 3150-30 Vytvrzovací pec č.30 NOX3', 48),
(737, 'st. 3150-31 Vytvrzovací pec č.31 NOX3', 48),
(738, 'st. 3150-32 Vytvrzovací pec č.32 NOX3', 48),
(739, 'st. 3150-33 Vytvrzovací pec č.33 NOX3', 48),
(740, 'st. 3150-34 Vytvrzovací pec č.34 NOX3', 48),
(741, 'st. 3150-35 Vytvrzovací pec č.35 NOX3', 48),
(742, 'st. 3160 (chladící komora) NOX3', 48),
(743, 'st. 3180 (tester těsnosti) NOX3', 48),
(744, 'st. 3190 (temperování + kalibrace) NOX3', 48),
(745, 'st. 3200 (antikor.pasta+mont.krytky)NOX3', 48),
(746, 'st. 3220 (Laserový popis) NOX3', 48),
(747, 'Dopravní systém NOX4', 49),
(748, 'st. 4020 (test el. obvodů v PCB) NOX4', 49),
(749, 'st. 4030 (nakládání dílů na WT) NOX4', 49),
(750, 'st. 4040 (pre-test) NOX4', 49),
(751, 'st. 4050 (zalévání konektorů lep.) NOX4', 49),
(752, 'st. 4060 (montáž domečku) NOX4', 49),
(753, 'st. 4070 (nanášení teplov.lepidla) NOX4', 49),
(754, 'st. 4080 (nanášení el.lepidla+AOI) NOX4', 49),
(755, 'st. 4090 (Press fit) NOX4', 49),
(756, 'st. 4100 (selektivní lakování) NOX4', 49),
(757, 'st. 4110 (UV vytvrzení) NOX4', 49),
(758, 'st. 4120 (AOI po lakování) NOX4', 49),
(759, 'st. 4130 (zalévání domečku lep.) NOX4', 49),
(760, 'Robot TS20 (fa.Stäubli) st.4130 NOX4', 49),
(761, 'st. 4140 (montáž víka) NOX4', 49),
(762, 'st. 4150-40 Vytvrzovací pec č.40 NOX4', 49),
(763, 'st. 4150-41 Vytvrzovací pec č.41 NOX4', 49),
(764, 'st. 4150-42 Vytvrzovací pec č.42 NOX4', 49),
(765, 'st. 4150-43 Vytvrzovací pec č.43 NOX4', 49),
(766, 'st. 4150-44 Vytvrzovací pec č.44 NOX4', 49),
(767, 'st. 4150-45 Vytvrzovací pec č.45 NOX4', 49),
(768, 'st. 4160 (chladící komora) NOX4', 49),
(769, 'st. 4180 (tester těsnosti) NOX4', 49),
(770, 'st. 4190 (temperování + kalibrace) NOX4', 49),
(771, 'st. 4200 (antikor.pasta+mont.krytky)NOX4', 49),
(772, 'st. 4220 (Laserový popis) NOX4', 49),
(773, 'st. 5015 (nakládání dílů na WT) NOX5', 50),
(774, 'N/A', 51),
(775, 'N/A', 52),
(777, 'Dopravní systém NOX9', 54),
(778, 'N/A', 55),
(779, 'Dopravní systém SMT2', 56),
(780, 'SMT2 - 30 (nakladač)', 56),
(781, 'SMT2 - 50 (tiskárna pájecí pasty)', 56),
(782, 'SMT2 - 55 (inspekce pájecí pasty)', 56),
(783, 'SMT2 - 60 (osazovací automat)', 56),
(784, 'SMT2 - 70 (průběžná pec)', 56),
(785, 'SMT2 - 75 (chladící věž)', 56),
(786, 'SMT2 - 80 (AOI)', 56),
(787, 'SMT2 - 85 (vykladač)', 56),
(788, 'SMT2 - 85 (Depaneling)', 56),
(789, 'SMT2 - 110 (test el.obvodů v PCB)', 56),
(790, 'SMT2 - 115 (Flash)', 56),
(791, 'Dopravní systém SMT3', 57),
(792, 'SMT3 - 20 (popisovací laser)', 57),
(793, 'SMT3 - 30 (nakladač)', 57),
(794, 'SMT3 - 50 (tisk pájecí pasty)', 57),
(795, 'SMT3 - 55 (inspekce pájecí pasty)', 57),
(796, 'SMT3 - 60 (osazovací automat)', 57),
(797, 'SMT3 - 70 (průběžná pec)', 57),
(798, 'SMT3 - 75 (chladící věž)', 57),
(799, 'SMT3 - 80 (AOI)', 57),
(800, 'SMT3 - 85 (Depaneling)', 57),
(801, 'SMT3 - 81 (vykladač)', 57),
(802, 'Ostatní', 58),
(803, 'Dopravní systém PS100', 59),
(804, 'DS1 -Dopravní systém PS100', 59),
(805, 'DS2 -Dopravní systém PS100', 59),
(806, 'DS3 -Dopravní systém PS100', 59),
(807, 'DS4 -Dopravní systém PS100', 59),
(808, 'DS5 -Dopravní systém PS100', 59),
(809, 'DS6 -Dopravní systém PS100', 59),
(810, 'Stanice 030 (laserové značení) PS100', 59),
(811, 'Stanice 060 (předehřívací pec) PS100', 59),
(812, 'Stanice 090 (Glassprinting) PS100', 59),
(813, 'St.T6100100 (umístění sním. elem.) PS100', 59),
(814, 'Stanice 130 (průběžná pec) PS100', 59),
(815, 'Stanice 110 (vstupní portál pece) PS100', 59),
(816, 'Stanice 120 (výstupní portál pece) PS100', 59),
(817, 'Stanice 180 (laserové přivaření spaceru)', 59),
(818, 'DS8 - Dopravní systém st.180       PS100', 59),
(819, 'St.T6100220 (dávk.lep+die bonding) PS100', 59),
(820, 'Vytvrzovací pec Pk-14-T (270/380)  PS100', 59),
(821, 'Stanice 330 (Wirebonding) PS100', 59),
(822, 'Stanice 340 (AOI) PS100', 59),
(823, 'Stanice 350 (MOI) PS100', 59),
(824, 'Stanice 360 (zalévání gelem) PS100', 59),
(825, 'Stanice 370 (plnič magazínu) PS100', 59),
(826, 'Stanice 430 (montáž konektoru) PS100', 59),
(827, 'Stanice 490 (laser. potisk a test) PS100', 59),
(828, 'Komora 2 St.460/580 (kalibrace/IP) PS100', 59),
(829, 'DS7 -Dopravní systém PS100', 59),
(830, 'Laser TruMark 3000 (st.10 PS100)', 59),
(831, 'Robot MITSUBISHI (st.10 PS100)', 59),
(832, 'Robot MITSUBISHI (st.180 PS100)', 59),
(833, 'Laser TruPulse 124 (st.180 PS100)', 59),
(834, 'Robot MITSUBISHI (st.430 PS100)', 59),
(835, 'Robot MITSUBISHI (st.490 PS100)', 59),
(836, 'Laser TruMark 3000 (st.490 PS100)', 59),
(837, 'Pall - kabinet      PS100', 59),
(838, 'Pec Vötsch (zkouška tepl. šokem) PS100', 59),
(839, 'Komora 4 St.460/580 (kalibrace/IP) PS100', 59),
(840, 'Vytvrzovací pec Pk-15-T (270/380)  PS100', 59),
(841, 'T6100055 (myčka InJet)', 59),
(842, 'Komora 5 St.460/580 (kalibrace/IP) PS100', 59),
(843, 'Komora 6 St.460/580 (kalibrace/IP) PS100', 59),
(844, 'Kompresor č.4  (Bauer)             PS100', 59),
(845, 'Kompresor č.1  (Bauer)             PS100', 59),
(846, 'InLine kalibrace (T6100463)        PS100', 59),
(847, 'Kompresor č.2  (Bauer)             PS100', 59),
(848, 'Drift test č.1 (WEISS) PS100', 59),
(849, 'Drift test č.3 (WEISS) PS100', 59),
(850, 'Stanice 471 (překl. stanice DRIFT) PS100', 59),
(851, 'Vytvrzovací pec Pk-46-T (270/380) PS100', 59),
(852, 'Drift test č.2 (WEISS) PS100', 59),
(853, 'Drift test č.4 (WEISS) PS100', 59),
(854, 'Kompresor č.3  (Bauer)             PS100', 59),
(855, 'Stanice 270 (vstupní manipul. paletek)', 59),
(856, 'Stanice 280 (výstupní manipul. paletek)', 59),
(857, 'Stanice 285 (průběžná pec)', 59),
(858, 'Vysavač č.1  (EKO šimko)           PS100', 59),
(859, 'Stanice 057 (laserové zdrsnění a čišt.)', 59),
(860, 'Vysavač č.12 (FUCHS - Umwellttechnik)', 59),
(861, 'Stanice 125 (MOI IR) PS100', 59),
(862, 'Kontaktovací stanice', 59),
(863, 'Stanice 590 APS (Auto Pack Scan Station)', 59),
(864, 'Vytvrzovací pec Pk-16-T(270/380) PS100-2', 60),
(865, 'Vytvrzovací pec Pk-33-T(270/380) PS100-2', 60),
(866, 'Dopravní systém                  PS100-2', 60),
(867, 'DS1 -Dopravní systém PS100-2', 60),
(868, 'DS2 -Dopravní systém PS100-2', 60),
(869, 'DS3 -Dopravní systém PS100-2', 60),
(870, 'DS4 -Dopravní systém PS100-2', 60),
(871, 'DS5 -Dopravní systém PS100-2', 60),
(872, 'DS6 -Dopravní systém PS100-2', 60),
(873, 'St.T6400030 (laser.značení)      PS100-2', 60),
(874, 'St.T6400090 (Glassprinting)      PS100-2', 60),
(875, 'St.T6400100 (umíst.sn.elementu)  PS100-2', 60),
(876, 'St.T6400130 (průběžná pec)       PS100-2', 60),
(877, 'St.T6400180 (laser.přivař.spac.) PS100-2', 60),
(878, 'St.T6400206 (dávkování lepidla)  PS100-2', 60),
(879, 'St.T6400207 (lepení + PCB)       PS100-2', 60),
(880, 'St.T6400220 (lepení + ASIC)      PS100-2', 60),
(881, 'St.T6400300 (čištění plazmou)    PS100-2', 60),
(882, 'St.T6400330 (Wirebonding)        PS100-2', 60),
(883, 'St.T6400340 (AOI)                PS100-2', 60),
(884, 'St.T6400360 (zalévání gelem)     PS100-2', 60),
(885, 'St.T6400370 (plnič)              PS100-2', 60),
(886, 'St.T6400430 (montáž capu)        PS100-2', 60),
(887, 'St.T6400463 (INLINE kalibrace)   PS100-2', 60),
(888, 'St.T6400490 (laser.potisk +test) PS100-2', 60),
(889, 'St.T6400060 (předehřev)          PS100-2', 60),
(890, 'St.T6400125 (MOI IR)             PS100-2', 60),
(891, 'St.T6400285 (průběžná pec BTU)   PS100-2', 60),
(892, 'Vstupní manipulátor průb.pece BTU', 60),
(893, 'Výstupní manipulátor průb.pece BTU', 60),
(894, 'St.T6400350 (MOI)                PS100-2', 60),
(895, 'St. 476 (Drift test LUX 1)       PS100-2', 60),
(896, 'St. 476 (Drift test LUX 2)       PS100-2', 60),
(897, 'St. 471 (překládací stanice DRIFT / BIN)', 60),
(898, 'St.T6400057  (laserové zdrsnění a čišt.)', 60),
(899, 'Vysavač č.13 (FUCHS - Umwellttechnik)', 60),
(900, 'T6201240 (čištění plazmou) HPS GEN3', 61),
(901, 'T6201225 (vykladač magazínu) HPS GEN3', 61),
(902, 'Dopravní systém   HPS GEN3', 61),
(903, 'T6201070 (Předehřívací pec)', 61),
(904, 'T6201080 (Glassprinting)', 61),
(905, 'T6201090 (umístění snímacího elementu)', 61),
(906, 'T6201150 (dávkování lepidla HEX SE147)', 61),
(907, 'T6201270-1 (Wirebonding č.1)', 61),
(908, 'T6201270-2 (Wirebonding č.2)', 61),
(909, 'T6201280 (MOI-manuálně optická kontrola)', 61),
(910, 'T6201020 (laserový popis HEXA)', 61),
(911, 'Laser TruDiode 903 (č.1)', 61),
(912, 'Laser TruDiode 903 (č.2)', 61),
(913, 'T6205050 (lepení konektoru)', 61),
(914, 'T6201360 (laserové svařování konektoru)', 61),
(915, 'Laser TruDiode 903', 61),
(916, 'T6201420 (laserový popis konektoru)', 61),
(917, 'T6201380 (kalibrace) HPS GEN3', 61),
(918, 'T6201100 (průběžná pec-vst. výst.portál)', 61),
(919, 'T6201160 (osazení PCB + mag. zakladač)', 61),
(920, 'T6201290 (zalévání gelem + mag.zakladač)', 61),
(921, 'T6201460 (IP tester)', 61),
(922, 'Vytvrzovací pec Pk-30-T (T6201210) GEN3', 61),
(923, 'Vytvrzovací pec Pk-31-T (T6201210) GEN3', 61),
(924, 'Vytvrzovací pec Pk-32-T (T6201210) GEN3', 61),
(925, 'Vytvrzovací pec Pk-34-T (T6201210) GEN3', 61),
(926, 'Vytvrzovací pec Pk-35-T (T6201210) GEN3', 61),
(927, 'Vytvrzovací pec Pk-36-T (T6201210) GEN3', 61),
(928, 'T6201230 (čištění dusíkem) HPS GEN3', 61),
(929, 'Drift test č.1 (WEISS) HPS GEN3', 61),
(930, 'Drift test č.2 (WEISS) HPS GEN3', 61),
(931, 'Vytvrzovací pec Pk-44-T (T6201210) GEN3', 61),
(932, 'Vytvrzovací pec Pk-13-T (T6201210) GEN3', 61),
(933, 'Vytvrzovací pec Pk-45-T (T6201210) GEN3', 61),
(934, 'Vytvrzovací pec Pk-41-T (T6201210) GEN3', 61),
(935, 'Vytvrzovací pec Pk-42-T (T6201210) GEN3', 61),
(936, 'T6201275 (Aut.opt.kontrola)         GEN3', 61),
(937, 'T6201125 (MOI-IR -man. optická kontrola)', 61),
(938, 'T6201064 (myčka InJet)', 61),
(939, 'Ostatní', 62),
(943, 'Ostatní', 4),
(949, 'Ostatní', 10),
(953, 'Ostatní', 14),
(954, 'Ostatní', 15),
(955, 'Ostatní', 16),
(956, 'Ostatní', 17),
(957, 'Ostatní', 18),
(958, 'Ostatní', 19),
(959, 'Ostatní', 20),
(960, 'Ostatní', 21),
(961, 'Ostatní', 22),
(962, 'Ostatní', 23),
(964, 'Ostatní', 25),
(966, 'Ostatní', 27),
(967, 'Ostatní', 28),
(968, 'Ostatní', 29),
(969, 'Ostatní', 30),
(970, 'Ostatní', 31),
(971, 'Ostatní', 32),
(972, 'Ostatní', 33),
(973, 'Ostatní', 34),
(974, 'Ostatní', 35),
(975, 'Ostatní', 36),
(976, 'Ostatní', 37),
(977, 'Ostatní', 38),
(978, 'Ostatní', 39),
(979, 'Ostatní', 40),
(980, 'Ostatní', 41),
(981, 'Ostatní', 42),
(982, 'Ostatní', 43),
(983, 'Ostatní', 44),
(985, 'Ostatní', 46),
(986, 'Ostatní', 47),
(987, 'Ostatní', 48),
(988, 'Ostatní', 49),
(989, 'Ostatní', 50),
(990, 'Ostatní', 51),
(991, 'Ostatní', 52),
(992, 'Ostatní', 53),
(993, 'Ostatní', 54),
(994, 'Ostatní', 55),
(995, 'Ostatní', 56),
(996, 'Ostatní', 57),
(997, 'Ostatní', 58),
(998, 'Ostatní', 59),
(999, 'Ostatní', 60),
(1000, 'Ostatní', 61),
(1001, 'Ostatní', 62),
(1002, 'GM-23 Index', 12),
(1006, 'TB-94 DHP1', 29),
(1007, 'TB-95 DHP1', 29),
(1008, 'TB-96 DHP1', 29),
(1009, 'Ostatní', 63),
(1010, 'Ostatní', 64),
(1011, 'TM-21', 9),
(1012, 'TM-22', 9),
(1013, 'st. 6015 (nakládání dílů na WT) NOX6', 51),
(1014, 'st. 6030 (pre-test) NOX6', 51),
(1015, 'st. 6050 (zalévání konektorů lep.) NOX6', 51),
(1016, 'st. 6060 (montáž domečku) NOX6', 51),
(1017, 'st. 6070 (nanášení teplov.lepidla) NOX6', 51),
(1018, 'st. 6075 (nanášení el.lepidla Delo) NOX6', 51),
(1019, 'st. 6080 (nanášení el.lepidla+AOI) NOX6', 51),
(1020, 'st. 6090 (Press fit) NOX6', 51),
(1021, 'st. 6100 (selektivní lakování) NOX6', 51),
(1022, 'st. 6110 (UV vytvrzení) NOX6', 51),
(1023, 'st. 6120 (AOI po lakování) NOX6', 51),
(1024, 'st. 6130 (zalévání domečku lep.) NOX6', 51),
(1025, 'Robot TS20 (fa.Stäubli) st.6130 NOX6', 51),
(1026, 'st. 6140 (montáž víka) NOX6', 51),
(1027, 'st. 6150 (překládací stanice) NOX6', 51),
(1028, 'st. 6160 (průběžná pec)  NOX6', 51),
(1029, 'st. 6200 (tester těsnosti)  NOX6', 51),
(1030, 'st. 6230 (temperování + kalibrace)  NOX6', 51),
(1031, 'st. 6250 (antikor.pasta+mont.krytky)NOX6', 51),
(1032, 'st. 6020 (tester elektric. obvodů)  NOX6', 51),
(1033, 'Robot TX90 L (fa.Stäubli) st.6160 NOX6', 51),
(1034, 'st. 5030 (pre-test) NOX5', 50),
(1035, 'st. 5050 (zalévání konektorů lep.) NOX5', 50),
(1036, 'st. 5060 (montáž domečku) NOX5', 50),
(1037, 'st. 5070 (nanášení teplov.lepidla) NOX5', 50),
(1038, 'st. 5075 (nanášení el.lepidla Delo) NOX5', 50),
(1039, 'st. 5080 (nanášení el.lepidla+AOI) NOX5', 50),
(1040, 'st. 5090 (Press fit) NOX5', 50),
(1041, 'st. 5100 (selektivní lakování) NOX5', 50),
(1042, 'st. 5110 (UV vytvrzení) NOX5', 50),
(1043, 'st. 5120 (AOI po lakování) NOX5', 50),
(1044, 'st. 5130 (zalévání domečku lep.) NOX5', 50),
(1045, 'Robot TS20 (fa.Stäubli) st.5130 NOX5', 50),
(1046, 'st. 5140 (montáž víka) NOX5', 50),
(1047, 'st. 5150 (překládací stanice) NOX5', 50),
(1048, 'st. 5160 (průběžná pec)  NOX5', 50),
(1049, 'st. 5200 (tester těsnosti)  NOX5', 50),
(1050, 'st. 5230 (temperování + kalibrace)  NOX5', 50),
(1051, 'st. 5250 (antikor.pasta+mont.krytky)NOX5', 50),
(1052, 'st. 5020 (tester elektric. obvodů)  NOX5', 50),
(1053, 'Stanice 10 (zalis. lož. a těs. kroužku)', 36),
(1054, 'Stanice 20 (montáž klapek)', 36),
(1055, 'Stanice 30 (svařování laserem)', 36),
(1056, 'Stanice 40 (montáž vakuového ovladače)', 36),
(1057, 'zdroj laseru HL124P', 36),
(1058, 'upínky EBV', 36),
(1059, 'Stanice 50 (kontrola těsnosti housingu)', 36),
(1060, 'Stanice 80000 (popisovací laser)', 38),
(1061, 'Stanice 70200 (tester)', 38),
(1062, 'stanice 10 000 (lisování ložisek)', 38),
(1063, 'Stanice 20 000 (lisování sedla)', 38),
(1064, 'Stanice 20 100 (lisování kolíků)', 38),
(1065, 'Stanice 30 000 (mont. klapky,hříd.pruž)', 38),
(1066, 'Stanice 40 100 (svařování klapky)', 38),
(1067, 'Stanice 50 000 (mont. kol., šroub.senz.)', 38),
(1068, 'Stanice 67 000 (mont. výstupní trubičky)', 38),
(1069, 'Stanice 43 (Magnetizační stanice JK015)', 38),
(1070, 'Stanice 45 (svařovací stanice JK016)', 38),
(1071, 'Stanice 40000 (svařování klapky) ECV1-2', 38),
(1072, 'Upínky ECV1-2', 38),
(1073, 'Stanice 70300 (testování komplet. kusu)', 38),
(1074, 'Stanice 60 000(mont. kol. šroub.)', 38),
(1075, 'Stanice kamerové kontroly 87000 (KK01)', 38),
(1076, 'Trhačka ECV1-2', 38),
(1077, 'Stanice 70300 (testováni komplet. kusu)', 38),
(1078, 'Stanice rentgenové kontroly ECV1-2', 38),
(1079, 'Robot UR10 (InLine kalibrace)', 60),
(1080, 'Ostatní', 66),
(1081, 'Ostatní', 67),
(1082, 'Ostatní', 68),
(1083, 'Ostatní', 69),
(1084, 'Laser roughening - laserové zdrsňování portů', 61),
(1085, 'EWP2-20 - EMC hole machining', 65),
(1086, 'EWP2-30 - Wire bending', 65),
(1087, 'EWP2-40 - Press-fit of contact element', 65),
(1088, 'EWP2-60 - Cleaning and camera check', 65),
(1089, 'EWP2-70 - EMC contact assembly', 65),
(1090, 'EWP2-80 - Sealing assembly', 65),
(1091, 'EWP2-90 - PCB press-fit', 65),
(1092, 'EWP2-95 - ALU cover DMC marking', 65),
(1093, 'EWP2-100 - Alu cover DMC marking', 65),
(1094, 'EWP2-110 - Membrane assembly and cap pressing', 65),
(1095, 'EWP2-120 - Thermoglue application', 65),
(1096, 'EWP2-130 - ALU cover assy, connector press-fit, connector screwing', 65),
(1097, 'EWP2-150 - Plazma activation', 65),
(1098, 'EWP2-155 - Silicone application', 65),
(1099, 'EWP2-160.1-6 - Batch ovens', 65),
(1100, 'EWP2-170 - Shaft pressing', 65),
(1101, 'EWP2-175.2 - Impeller pressing', 65),
(1102, 'EWP2-180 - Visual control', 65),
(1103, 'EWP2-190.4 - Rotor, can and o-rings assembly', 65),
(1104, 'EWP2-200 - Spiral housing assembly and screwing', 65),
(1105, 'EWP2-202 - Flashing, leakage test, functional test, locking and EOL test', 65),
(1106, 'EWP-230 - Color marking', 65),
(1107, 'EWP2-240 - Laser marking', 65),
(1108, 'EWP2-260 - Visual check and packaging', 65),
(1109, 'TB-82', 29),
(1110, 'Ostatní', 70),
(1111, 'TB-83', 29),
(1112, 'WM22 - Vapic', 70),
(1113, 'Centrální počítač PDV', 1),
(1114, 'Robot ABB (dopravní systém) ', 2),
(1115, 'Centrální počítač (PDV)', 3),
(1116, 'TC3-20 (myčka turb. kola a hřídelky) Pero', 8),
(1117, 'MM-21 - (frézování č.21 - SW)', 9),
(1118, 'MM-22 - (frézování č.22 - SW)', 9),
(1119, 'MM-23 - (frézování č.23 - SW)', 9),
(1120, 'M12 (svařování actorů)', 20),
(1121, 'M13.1 (Měření hřídele)', 20),
(1122, 'Laser 3 (TruDisk 1000)', 20),
(1123, 'Centrální počítač', 20),
(1124, 'Robot Epson st. M32 (montáž válce)', 21),
(1125, 'M10+M11 (montáž tlumiče)', 70),
(1126, 'M20 (lisování výstupního ventilu)', 70),
(1127, 'M21 (lisování PRV ventilu)', 70),
(1128, 'M22 (lisování vstupního ventilu)', 70),
(1129, 'M24 (lisování Pole Piece)', 70),
(1130, 'M25 (svařování válce) ', 70),
(1131, 'M26 (svařování HP kon. a aktuátoru)', 70),
(1132, 'M27 (montáž pístu)', 70),
(1133, 'M28 (test těsnosti) ', 70),
(1134, 'M29 (svařování držáku) ', 70),
(1135, 'M30 (svařování pístu) ', 70),
(1136, 'M31 (svařování tlumiče)', 70),
(1137, 'M32 (helium test) ', 70),
(1138, 'M33 (montáž pružiny)', 70),
(1139, 'M50 + M51 (laserový popis) ', 70),
(1140, 'Laser 1 (TruDisk 2002 FD24)', 70),
(1141, 'Laser 2 (TruDisk 2002 FD24)  ', 70),
(1142, 'Laser 3 (TruDisk 2002 FD24)', 70),
(1143, 'HM-06 (honování tělesa)', 70),
(1144, 'Robot A (TX 90 Stäubli) HM-06', 70),
(1145, 'Robot B (TX 90 Stäubli) HM-06 ', 70),
(1146, 'Centrální počítač (GHP 2)', 70),
(1147, 'Robot UR10 (InLine kalibrace T6400463)', 60),
(1148, 'Vysavač č.15 (FUCHS - Umwellttechnik)', 61),
(1149, 'T6201072 (laserové zdrsnění a čišt.port)', 61),
(1150, 'Vysavač č.16 (EKO šimko)', 61),
(1151, 'T6201085 (myčka InJet)', 61),
(1152, 'DRIFT GEN 3', 61),
(1153, 'SMT2 vykladač', 56),
(1154, 'Robot TX90L (fa.Stäubli) st.5160', 50),
(1155, 'st. 9015 (nakládání dílů na WT)', 54),
(1156, 'st. 9030 (kontrola materiálu)', 54),
(1157, 'st. 9040 (pretest)', 54),
(1158, 'st. 9050 (zalévání kon. 2-slož.lep)', 54),
(1159, 'st. 9060 (nanášení elektrovod.lep.)', 54),
(1160, 'st. 9070 (montáž domečku)', 54),
(1161, 'st. 9080 (nanášení teplovod.lep.)', 54),
(1162, 'st. 9090 (Press fit)', 54),
(1163, 'st. 9130 (zalévání dom. 2-slož.lep)', 54),
(1164, 'st. 9140 (montáž víka)', 54),
(1165, 'st. 9150 (překládací stanice)', 54),
(1166, 'st. 9160 (průběžná pec)', 54),
(1167, 'st. 9200 (temperování)', 54),
(1168, 'st. 9210 (tester  těsnosti)', 54),
(1169, 'st. 9230 CCB (temperování+kalibrace)', 54),
(1170, 'st. 9250 (uvolňovací jednotka)', 54),
(1171, 'st. 9260(nanesení ant.pasty+mont.krytky)', 54),
(1172, 'st. 9270 (Laserový popis)', 54),
(1173, 'Robot TX 90L (Stäubli) st. 9160', 54),
(1174, 'Páskovací stanice AT2', 64),
(1175, 'Klipovací  stanice AC2', 64),
(1176, 'Robot UR5 (klipovací stanice AC2)  VTM', 64),
(1177, 'Klipovací  stanice AC3', 64),
(1178, 'Klipovací  stanice AC4', 64),
(1179, 'Klipovací  stanice AC5', 64),
(1180, 'Robot pravý UR5 (klipovací stanice AC5)', 64),
(1181, 'Robot levý UR5 (klipovací stanice AC5)', 64),
(1182, 'Páskovací stanice AT3', 64),
(1183, 'Klipovací  stanice AC8', 64),
(1184, 'Klipovací  stanice AC6', 64),
(1185, 'M34                     GHP2', 70),
(1186, 'M31.5 (šroubování konektoru)', 70),
(1187, 'SMT2 - 92 (Retest ICT)', 56),
(1188, 'SMT3 - 83 (In-Line ICT) ', 57),
(1189, 'SMT2 - 83 (In-Line ICT) ', 56),
(1190, 'TM-07 (soustruh č.7 - Emag)', 13),
(1191, 'Dopravní systém               NOX7', 52),
(1192, 'st. 7015 (nakládání dílů na WT) NOX7', 52),
(1193, 'st. 7030 (pre-test) NOX7', 52),
(1194, 'st. 7050 (zalévání konektorů lep.) NOX7', 52),
(1195, 'st. 7060 (montáž domečku) NOX7', 52),
(1196, 'st. 7070 (nanášení teplov.lepidla) NOX7', 52),
(1197, 'st. 7075 (nanášení el.lepidla Delo) NOX7', 52),
(1198, 'st. 7080 (nanášení el.lepidla+AOI) NOX7', 52),
(1199, 'st. 7090 (Press fit) NOX7', 52),
(1200, 'st. 7130 (zalévání domečku lep.) NOX7', 52),
(1201, 'st. 7130 ROBOT (montáž víka) NOX7', 52),
(1202, 'st. 7140 (montáž víka) NOX7', 52),
(1203, 'st. 7150 (překládací stanice) NOX7', 52),
(1204, 'st. 7150 ROBOT (překládací stanice) NOX7', 52),
(1205, 'st. 7160 (průběžná pec)  NOX7', 52),
(1206, 'st. 7160 ROBOT (průběžná pec)  NOX7', 52),
(1207, 'st. 7230 CCB(temperování +kalibrace)NOX7', 52),
(1208, 'st. 7250 (antikor.pasta+mont.krytky)NOX7', 52),
(1209, 'Dopravní systém               NOX8', 53),
(1210, 'st. 8015 (nakládání dílů na WT) NOX8', 53),
(1211, 'st. 8030 (pre-test) NOX8', 53);
INSERT INTO `station` (`stationID`, `name`, `line_lineID`) VALUES
(1212, 'st. 8050 (zalévání konektorů lep.) NOX8', 53),
(1213, 'st.8060 (montáž domečku) NOX8', 53),
(1214, 'st. 8070 (nanášení teplov.lepidla) NOX8', 53),
(1215, 'st. 8075 (nanášení el.lepidla Delo) NOX8', 53),
(1216, 'st. 8080 (nanášení el.lepidla+AOI) NOX8', 53),
(1217, 'st. 8090 (Press fit) NOX8', 53),
(1218, 'st. 8130 (zalévání domečku lep.) NOX8', 53),
(1219, 'st. 8130 ROBOT (montáž víka) NOX8', 53),
(1220, 'st. 8150 (překládací stanice) NOX8', 53),
(1221, 'st. 8150 ROBOT (překládací stanice) NOX8', 53),
(1222, 'st. 8160 (průběžná pec)  NOX8', 53),
(1223, 'st. 8160 ROBOT (průběžná pec)  NOX8', 53),
(1224, 'st. 8230 CCB(temperování +kalibrace)NOX8', 53),
(1225, 'st. 8250 (antikor.pasta+mont.krytky)NOX8', 53),
(1226, 'EWP2.2-100 - Alu cover DMC marking', 65);

--
-- Klíče pro exportované tabulky
--

--
-- Klíče pro tabulku `category`
--
ALTER TABLE `category`
  ADD PRIMARY KEY (`categoryID`);

--
-- Klíče pro tabulku `division`
--
ALTER TABLE `division`
  ADD PRIMARY KEY (`divisionID`);

--
-- Klíče pro tabulku `form`
--
ALTER TABLE `form`
  ADD PRIMARY KEY (`formID`),
  ADD KEY `fk_form_day` (`category_categoryID`);

--
-- Klíče pro tabulku `item`
--
ALTER TABLE `item`
  ADD PRIMARY KEY (`itemID`);

--
-- Klíče pro tabulku `line`
--
ALTER TABLE `line`
  ADD PRIMARY KEY (`lineID`,`division_divisionID`),
  ADD KEY `fk_linka_divize1_idx` (`division_divisionID`);

--
-- Klíče pro tabulku `question`
--
ALTER TABLE `question`
  ADD PRIMARY KEY (`questionID`),
  ADD KEY `fk_question_form1` (`form_formID`);

--
-- Klíče pro tabulku `question_option`
--
ALTER TABLE `question_option`
  ADD PRIMARY KEY (`optionID`),
  ADD KEY `fk_option_question1` (`question_questionID`);

--
-- Klíče pro tabulku `record`
--
ALTER TABLE `record`
  ADD PRIMARY KEY (`recordID`),
  ADD KEY `fk_record_question1` (`question_questionID`),
  ADD KEY `fk_record_item1` (`item_itemID`),
  ADD KEY `fk_record_form1` (`form_formID`);

--
-- Klíče pro tabulku `station`
--
ALTER TABLE `station`
  ADD PRIMARY KEY (`stationID`),
  ADD KEY `fk_stanice_linka` (`line_lineID`);

--
-- AUTO_INCREMENT pro tabulky
--

--
-- AUTO_INCREMENT pro tabulku `category`
--
ALTER TABLE `category`
  MODIFY `categoryID` int(11) NOT NULL AUTO_INCREMENT;

--
-- AUTO_INCREMENT pro tabulku `division`
--
ALTER TABLE `division`
  MODIFY `divisionID` int(11) NOT NULL AUTO_INCREMENT, AUTO_INCREMENT=9;

--
-- AUTO_INCREMENT pro tabulku `form`
--
ALTER TABLE `form`
  MODIFY `formID` int(11) NOT NULL AUTO_INCREMENT;

--
-- AUTO_INCREMENT pro tabulku `item`
--
ALTER TABLE `item`
  MODIFY `itemID` int(11) NOT NULL AUTO_INCREMENT;

--
-- AUTO_INCREMENT pro tabulku `line`
--
ALTER TABLE `line`
  MODIFY `lineID` int(11) NOT NULL AUTO_INCREMENT, AUTO_INCREMENT=71;

--
-- AUTO_INCREMENT pro tabulku `question`
--
ALTER TABLE `question`
  MODIFY `questionID` int(11) NOT NULL AUTO_INCREMENT;

--
-- AUTO_INCREMENT pro tabulku `question_option`
--
ALTER TABLE `question_option`
  MODIFY `optionID` int(11) NOT NULL AUTO_INCREMENT;

--
-- AUTO_INCREMENT pro tabulku `record`
--
ALTER TABLE `record`
  MODIFY `recordID` int(11) NOT NULL AUTO_INCREMENT;

--
-- AUTO_INCREMENT pro tabulku `station`
--
ALTER TABLE `station`
  MODIFY `stationID` int(11) NOT NULL AUTO_INCREMENT, AUTO_INCREMENT=1227;

--
-- Omezení pro exportované tabulky
--

--
-- Omezení pro tabulku `form`
--
ALTER TABLE `form`
  ADD CONSTRAINT `fk_form_day` FOREIGN KEY (`category_categoryID`) REFERENCES `category` (`categoryID`) ON DELETE NO ACTION ON UPDATE NO ACTION;

--
-- Omezení pro tabulku `line`
--
ALTER TABLE `line`
  ADD CONSTRAINT `fk_linka_divize1` FOREIGN KEY (`division_divisionID`) REFERENCES `division` (`divisionID`) ON DELETE NO ACTION ON UPDATE NO ACTION;

--
-- Omezení pro tabulku `question`
--
ALTER TABLE `question`
  ADD CONSTRAINT `fk_question_form1` FOREIGN KEY (`form_formID`) REFERENCES `form` (`formID`) ON DELETE NO ACTION ON UPDATE NO ACTION;

--
-- Omezení pro tabulku `question_option`
--
ALTER TABLE `question_option`
  ADD CONSTRAINT `fk_option_question1` FOREIGN KEY (`question_questionID`) REFERENCES `question` (`questionID`) ON DELETE NO ACTION ON UPDATE NO ACTION;

--
-- Omezení pro tabulku `record`
--
ALTER TABLE `record`
  ADD CONSTRAINT `fk_record_form1` FOREIGN KEY (`form_formID`) REFERENCES `form` (`formID`),
  ADD CONSTRAINT `fk_record_item1` FOREIGN KEY (`item_itemID`) REFERENCES `item` (`itemID`) ON DELETE NO ACTION ON UPDATE NO ACTION,
  ADD CONSTRAINT `fk_record_question1` FOREIGN KEY (`question_questionID`) REFERENCES `question` (`questionID`) ON DELETE NO ACTION ON UPDATE NO ACTION;

--
-- Omezení pro tabulku `station`
--
ALTER TABLE `station`
  ADD CONSTRAINT `fk_stanice_linka` FOREIGN KEY (`line_lineID`) REFERENCES `line` (`lineID`) ON DELETE NO ACTION ON UPDATE NO ACTION;
COMMIT;

/*!40101 SET CHARACTER_SET_CLIENT=@OLD_CHARACTER_SET_CLIENT */;
/*!40101 SET CHARACTER_SET_RESULTS=@OLD_CHARACTER_SET_RESULTS */;
/*!40101 SET COLLATION_CONNECTION=@OLD_COLLATION_CONNECTION */;
